Id,0
Amar Gambit,0
Amar Opening,0
Amar Opening: Paris Gambit,1
Anderssen's Opening,0
Clemenz Opening,1
Creepy Crawly Formation: Classical Defense,0
Gedult's Opening,0
Grob Opening,5
Grob Opening: Grob Gambit,5
Grob Opening: Grob Gambit Declined,0
"Grob Opening: Grob Gambit, Fritz Gambit",0
"Grob Opening: Spike, Hurst Attack",0
Hungarian Opening,59
Hungarian Opening: Catalan Formation,3
Hungarian Opening: Dutch Defense,1
Hungarian Opening: Indian Defense,2
Hungarian Opening: Reversed Modern Defense,1
Hungarian Opening: Sicilian Invitation,2
Hungarian Opening: Slav Formation,0
Hungarian Opening: Symmetrical Variation,0
Kádas Opening,0
Lasker Simul Special,0
Mieses Opening,7
Mieses Opening: Reversed Rat,0
Polish Opening,3
Polish Opening: King's Indian Variation,0
Polish Opening: Outflank Variation,0
Saragossa Opening,0
Van Geet Opening,23
Van Geet Opening: Dougherty Gambit,0
Van Geet Opening: Dunst-Perrenet Gambit,1
Van Geet Opening: Napoleon Attack,0
Van Geet Opening: Novosibirsk Variation,0
Van Geet Opening: Reversed Nimzowitsch,5
Van Geet Opening: Sicilian Two Knights,0
Van Geet Opening: Tübingen Gambit,0
Van't Kruijs Opening,6
Ware Opening,0
Nimzo-Larsen Attack,109
Nimzo-Larsen Attack: Classical Variation,1
Nimzo-Larsen Attack: English Variation,0
Nimzo-Larsen Attack: Indian Variation,3
Nimzo-Larsen Attack: Modern Variation,0
Nimzo-Larsen Attack: Polish Variation,0
Nimzo-Larsen Attack: Symmetrical Variation,0
Bird Opening,48
Bird Opening: From's Gambit,5
"Bird Opening: From's Gambit, Lasker Variation",0
Bird Opening: Horsefly Defense,0
Bird Opening: Wagner-Zwitersch Gambit,0
Bird Opening: Dutch Variation,2
Bird Opening: Sturm Gambit,0
"Modern Defense: Semi-Averbakh Variation, Pterodactyl Variation",0
Zukertort Opening,896
Zukertort Opening: Arctic Defense,0
Zukertort Opening: Basman Defense,0
Zukertort Opening: Black Mustang Defense,1
Zukertort Opening: Dutch Variation,6
Zukertort Opening: Kingside Fianchetto,13
Zukertort Opening: Lisitsyn Gambit,0
Zukertort Opening: Pirc Invitation,14
Zukertort Opening: Polish Defense,0
Zukertort Opening: Queen's Gambit Invitation,11
Zukertort Opening: Queenside Fianchetto Variation,0
Zukertort Opening: Sicilian Invitation,56
Zukertort Opening: Slav Invitation,4
Zukertort Opening: St. George Defense,0
Zukertort Opening: Vos Gambit,0
King's Indian Attack,62
King's Indian Attack: Smyslov Variation,0
King's Indian Attack: Spassky Variation,0
King's Indian Attack: Symmetrical Defense,29
King's Indian Attack: Wahls Defense,0
Polish Opening: Zukertort System,0
Zukertort Opening: Double Fianchetto Attack,0
Zukertort Opening: Lemberger Gambit,0
Zukertort Opening: Nimzo-Larsen Variation,0
Zukertort Opening: Quiet System,2
Zukertort Opening: Old Indian Attack,0
Zukertort Opening: Reversed Mexican Defense,1
Zukertort Opening: Tennison Gambit,0
"English Opening: Anglo-Indian Defense, Grünfeld Formation",0
King's Indian Attack: Double Fianchetto,5
King's Indian Attack: Keres Variation,0
King's Indian Attack: Omega-Delta Gambit,0
King's Indian Attack: Pachman System,0
King's Indian Attack: Sicilian Variation,14
King's Indian Attack: Yugoslav Variation,0
King's Indian Attack: French Variation,5
Zukertort Opening: Grünfeld Reversed,0
Réti Opening,50
Réti Opening: Advance Variation,4
"Réti Opening: Advance Variation, Michel Gambit",0
Réti Opening: Reversed Blumenfeld Gambit,0
Réti Opening: Réti Accepted,2
"Réti Opening: Réti Gambit, Keres Variation",0
English Opening,635
English Opening: Anglo-Dutch Defense,6
"English Opening: Anglo-Dutch Defense, Hickmann Gambit",0
English Opening: Anglo-Lithuanian Variation,2
English Opening: Anglo-Scandinavian Defense,3
"English Opening: Anglo-Scandinavian Defense, Malvinas Variation",0
"English Opening: Anglo-Scandinavian Defense, Schulz Gambit",0
English Opening: Great Snake Variation,18
"English Opening: King's English Variation, Botvinnik System, Prickly Pawn Pass System",0
"Modern Defense: Averbakh Variation, Pseudo-Sämisch",0
English Opening: Caro-Kann Defensive System,20
"Réti Opening: Anglo-Slav Variation, Bogoljubov Variation",1
"Réti Opening: Anglo-Slav Variation, New York System",0
English Opening: Agincourt Defense,83
"English Opening: Agincourt Defense, Catalan Defense",0
"English Opening: Agincourt Defense, Catalan Defense Accepted",0
"English Opening: Agincourt Defense, Catalan Defense, Semi-Slav Defense",2
"English Opening: Agincourt Defense, Wimpy System",0
English Opening: Neo-Catalan,30
English Opening: Neo-Catalan Declined,33
English Opening: Romanishin Gambit,0
"English Opening: Agincourt Defense, Keres Defense",0
"English Opening: Agincourt Defense, Neo-Catalan Declined",3
"Réti Opening: Anglo-Slav Variation, Bogoljubov Variation, Stonewall Line",0
English Opening: Anglo-Indian Defense,126
"English Opening: Anglo-Indian Defense, Anti-Anti-Grünfeld",23
"English Opening: Anglo-Indian Defense, King's Indian Formation",44
"English Opening: Anglo-Indian Defense, King's Indian Formation, Double Fianchetto",0
"English Opening: Anglo-Indian Defense, King's Knight Variation",127
"English Opening: Anglo-Indian Defense, Old Indian Formation",2
"English Opening: Anglo-Indian Defense, Queen's Indian Formation",5
"English Opening: Anglo-Indian Defense, Romanishin Variation",1
"English Opening: Anglo-Indian Defense, Scandinavian Defense",4
"English Opening: Anglo-Indian Defense, Scandinavian Defense, Exchange Variation",0
English Opening: Anglo-Grünfeld Defense,2
"English Opening: Anglo-Indian Defense, Anglo-Grünfeld Variation",0
"English Opening: Anglo-Indian Defense, Queen's Knight Variation",71
"English Opening: Anglo-Indian Defense, Hedgehog System",15
"English Opening: Anglo-Indian Defense, Nimzo-English",0
English Opening: Mikenas-Carls Variation,2
"English Opening: Anglo-Indian Defense, Flohr-Mikenas-Carls Variation, Nei Gambit",0
"English Opening: Mikenas-Carls, Sicilian",2
English Opening: King's English Variation,85
"English Opening: King's English Variation, Nimzowitsch Variation",8
"English Opening: King's English Variation, Nimzowitsch-Flohr Variation",0
"English Opening: King's English Variation, Kramnik-Shirov Counterattack",0
"English Opening: King's English Variation, Reversed Sicilian",61
"English Opening: King's English Variation, Smyslov Defense",0
English Opening: Carls-Bremen System,4
"English Opening: King's English Variation, Two Knights Variation",28
"English Opening: King's English Variation, Two Knights Variation, Reversed Dragon",0
"English Opening: King's English Variation, Two Knights Variation, Smyslov System",0
"English Opening: King's English Variation, Two Knights Variation, Keres Variation",0
"English Opening: King's English Variation, Closed System",2
"English Opening: King's English Variation, Reversed Closed Sicilian",18
"English Opening: King's English Variation, Taimanov Variation",2
"English Opening: King's English Variation, Botvinnik System",0
"English Opening: King's English Variation, Closed System, Full Symmetry",2
"English Opening: King's English Variation, Three Knights System",6
"English Opening: Four Knights System, Nimzowitsch Variation",0
"English Opening: King's English Variation, Four Knights Variation",27
"English Opening: King's English Variation, Four Knights Variation, Flexible Line",0
"English Opening: King's English Variation, Four Knights Variation, Quiet Line",0
"English Opening: King's English Variation, Four Knights Variation, Fianchetto Line",0
English Opening: Symmetrical Variation,67
"English Opening: Symmetrical Variation, Hedgehog Defense",0
"English Opening: Symmetrical, Hedgehog, Flexible Formation",0
"English Opening: Symmetrical Variation, Anti-Benoni Variation",7
"English Opening: Symmetrical Variation, Anti-Benoni Variation, Spielmann Defense",0
"English Opening: Symmetrical Variation, Fianchetto Variation",5
"English Opening: Symmetrical Variation, Normal Variation",17
"English Opening: Symmetrical Variation, Rubinstein Variation",0
"English Opening: Symmetrical Variation, Three Knights Variation",0
"English Opening: Symmetrical Variation, Four Knights Variation",0
"English Opening: Symmetrical Variation, Two Knights Variation",9
"English Opening: Symmetrical Variation, Botvinnik System",0
"English Opening: Symmetrical Variation, Botvinnik System Reversed",0
"English Opening: Symmetrical Variation, Symmetrical Variation",19
"English Opening: Symmetrical Variation, Two Knights Line",5
"English Opening: Symmetrical Variation, Duchamp Variation",0
"English Opening: Symmetrical Variation, Full Symmetry Line",1
"English Opening: Symmetrical Variation, Mecking Variation",3
Australian Defense,0
"Dutch Defense: Stonewall Variation, Modern Variation",0
English Defense,2
Englund Gambit,21
Englund Gambit Complex Declined,0
Englund Gambit Complex: Englund Gambit,0
Englund Gambit Complex: Felbecker Gambit,0
Englund Gambit Complex: Hartlaub-Charlick Gambit,0
Englund Gambit Complex: Soller Gambit Deferred,0
Englund Gambit Complex: Zilbermints Gambit,0
Englund Gambit Declined: Reversed Alekhine,2
Englund Gambit Declined: Reversed Brooklyn,0
Englund Gambit Declined: Reversed French,0
Englund Gambit Declined: Reversed Krebs,1
Horwitz Defense,92
Kangaroo Defense,1
"Kangaroo Defense: Keres Defense, Transpositional Variation",0
Mikenas Defense,7
Mikenas Defense: Lithuanian Variation,0
Modern Defense,150
Modern Defense: Beefeater Variation,0
Polish Defense,0
"Pterodactyl Defense: Fianchetto, Queen Pteranodon",0
Queen's Pawn Game,3472
Queen's Pawn Game: Anglo-Slav Opening,0
Old Indian Defense,45
Rat Defense: English Rat,0
Robatsch Defense,0
Wade Defense,0
Modern Defense: Averbakh System,20
Modern Defense: Kotov Variation,0
Benoni Defense: Benoni Gambit Accepted,2
"Benoni Defense: Benoni Gambit, Schlenker Defense",0
Benoni Defense: Benoni-Indian Defense,3
"Benoni Defense: Benoni-Indian Defense, Kingside Move Order",16
Benoni Defense: French Benoni,0
Benoni Defense: Old Benoni,41
"Benoni Defense: Old Benoni, Mujannah Formation",0
"Benoni Defense: Old Benoni, Schmid Variation",0
Indian Defense: Pseudo-Benko,1
Benoni Defense: Semi-Benoni,0
Indian Defense,1765
Indian Defense: Omega Gambit,1
"Indian Defense: Paleface Attack, Blackmar-Diemer Gambit Deferred",1
Indian Defense: Reversed Chigorin Defense,0
Indian Defense: Tartakower Attack,3
Paleface Attack,2
Queen's Pawn Game: Chigorin Variation,158
"Queen's Pawn Game: Veresov, Richter Attack",0
Trompowsky Attack,61
Trompowsky Attack: Classical Defense,21
"Trompowsky Attack: Classical Defense, Big Center Variation",0
Trompowsky Attack: Edge Variation,0
Trompowsky Attack: Raptor Variation,0
Indian Defense: Knights Variation,492
Indian Defense: London System,0
Indian Defense: Spielmann-Indian,45
Indian Defense: Wade-Tartakower Defense,11
Old Indian Defense: Czech Variation,0
"Queen's Pawn Game: Veresov Attack, Classical Defense",0
Torre Attack,12
"Torre Attack: Classical Defense, Nimzowitsch Variation",0
Yusupov-Rubinstein System,5
Marienbad System,1
Queen's Indian Defense,57
"Queen's Indian Defense: Marienbad System, Berg Variation",1
East Indian Defense,153
London System,0
"Queen's Pawn Game: Torre Attack, Grünfeld Variation, Main Line",0
"Torre Attack: Fianchetto Defense, Euwe Variation",0
Indian Defense: Przepiorka Variation,17
Indian Defense: Normal Variation,995
Mexican Defense,1
Queen's Indian Accelerated,5
Slav Indian,3
Indian Defense: Budapest Defense,17
"Indian Defense: Budapest Defense, Fajarowicz Defense, Bonsdorf Variation",0
"Indian Defense: Budapest Defense, Fajarowicz Variation",1
"Indian Defense: Budapest Defense, Adler Variation",0
"Indian Defense: Budapest Defense, Alekhine Variation",1
"Indian Defense: Budapest Defense, Alekhine Variation, Abonyi Variation",0
"Indian Defense: Budapest Defense, Rubinstein Variation",0
"Old Indian Defense: Janowski Variation, Fianchetto Variation",0
Old Indian Defense: Tartakower-Indian,0
Old Indian Defense: Two Knights Variation,0
Old Indian Defense: Ukrainian Variation,4
Old Indian Defense: Normal Variation,0
Benoni Defense,170
Benoni Defense: Czech Benoni Defense,1
Benoni Defense: Hromádka System,0
Benoni Defense: King's Indian System,0
"Grünfeld Defense: Three Knights Variation, Burille Variation, Reversed Tarrasch",0
Benko Gambit,66
Benko Gambit Accepted,52
Benko Gambit Accepted: Dlugy Variation,0
Benko Gambit Accepted: Modern Variation,0
Benko Gambit Accepted: Pawn Return Variation,0
Benko Gambit Declined: Main Line,0
Benko Gambit Declined: Pseudo-Sämisch,0
Benko Gambit Declined: Quiet Line,0
Benko Gambit Declined: Sosonko Variation,0
Benko Gambit: Nescafe Frappe Attack,0
Benko Gambit: Zaitsev System,1
"Benko Gambit: Zaitsev Variation, Nescafe Frappe Attack",1
Benko Gambit Accepted: Fianchetto Variation,0
Benko Gambit Accepted: Fully Accepted Variation,10
Benko Gambit: Fianchetto Variation,0
Benko Gambit Accepted: King Walk Variation,0
Benko Gambit Accepted: Yugoslav,2
Benoni Defense: Modern Variation,24
Benoni Defense: Fianchetto Variation,6
Benoni Defense: Knight's Tour Variation,2
"Benoni Defense: Fianchetto Variation, Hastings Defense, Main Line",0
Benoni Defense: King's Pawn Line,12
Benoni Defense: Pawn Storm Variation,3
Benoni Defense: Four Pawns Attack,1
"Benoni Defense: Four Pawns Attack, Main Line",0
Benoni Defense: Classical Variation,9
"Benoni Defense: Classical Variation, New York Variation",0
"Benoni Defense: Classical Variation, Traditional Variation",2
"Benoni Defense: Classical Variation, Averbakh-Grivas Attack",0
Benoni Defense: Classical,2
"Benoni Defense: Classical Variation, Main Line",0
"Benoni Defense: Classical Variation, Czerniak Defense",0
"Benoni Defense: Classical Variation, Czerniak Defense, Tal Line",1
Dutch Defense,56
Dutch Defense: Hopton Attack,0
Dutch Defense: Janzen-Korchnoi Gambit,0
Dutch Defense: Kingfisher Gambit,1
Dutch Defense: Korchnoi Attack,1
Dutch Defense: Raphael Variation,2
"Queen's Pawn Game: Veresov Attack, Dutch System",1
Dutch Defense: Blackburne Variation,0
Dutch Defense: Fianchetto Attack,14
Dutch Defense: Semi-Leningrad Variation,2
Dutch Defense: Staunton Gambit,6
Dutch Defense: Staunton Gambit Accepted,4
French Defense: Franco-Hiva Gambit,0
Rat Defense: Balogh Defense,0
"Dutch Defense: Staunton Gambit, Alekhine Variation",0
Dutch Defense: Classical Variation,19
Dutch Defense: Normal Variation,8
Dutch Defense: Rubinstein Variation,2
Dutch Defense: Queen's Knight Variation,1
Dutch Defense: Fianchetto Variation,3
Dutch Defense: Leningrad Variation,5
"Dutch Defense: Leningrad Variation, Warsaw Variation",0
"Dutch Defense: Leningrad Variation, Matulovic Variation",0
"Dutch Defense: Classical Variation, Blackburne Attack",0
Dutch Defense: Stonewall,0
"Dutch Defense: Classical Variation, Stonewall Variation",0
"Dutch Defense: Classical Variation, Huisl Variation",0
"Dutch Defense: Classical Variation, Ilyin-Zhenevsky Variation",2
"Dutch Defense: Classical Variation, Ilyin-Zhenevsky Variation, Winter Variation",0
Barnes Defense,0
Duras Gambit,1
Fried Fox Defense,0
Goldsmith Defense,0
King's Pawn,4371
Lion Defense: Lion's Jaw,2
Nimzowitsch Defense,42
Nimzowitsch Defense: Colorado Countergambit,2
Nimzowitsch Defense: Colorado Countergambit Accepted,0
Nimzowitsch Defense: Declined Variation,16
Nimzowitsch Defense: French Connection,0
Nimzowitsch Defense: Kennedy Variation,7
"Nimzowitsch Defense: Kennedy Variation, Linksspringer Variation",0
"Nimzowitsch Defense: Kennedy Variation, Paulsen Attack",0
"Nimzowitsch Defense: Kennedy Variation, de Smet Gambit",0
Nimzowitsch Defense: Pirc Connection,0
Nimzowitsch Defense: Scandinavian Variation,9
"Nimzowitsch Defense: Scandinavian Variation, Advance Variation",0
"Nimzowitsch Defense: Scandinavian Variation, Bogoljubov Variation",2
"Nimzowitsch Defense: Scandinavian Variation, Bogoljubov Variation, Nimzowitsch Gambit",0
"Nimzowitsch Defense: Scandinavian Variation, Exchange Variation",0
Nimzowitsch Defense: Williams Variation,1
Owen Defense,0
Pirc Defense,169
Rat Defense: Antal Defense,2
Rat Defense: Harmonist,0
St. George Defense,0
Van Geet Opening: Berlin Gambit,2
Ware Defense,0
Scandinavian Defense,229
Scandinavian Defense: Blackburne Gambit,0
Scandinavian Defense: Blackburne-Kloosterboer Gambit,11
Scandinavian Defense: Bronstein Variation,0
Scandinavian Defense: Classical Variation,1
Scandinavian Defense: Grünfeld Variation,0
Scandinavian Defense: Gubinsky-Melts Defense,3
Scandinavian Defense: Icelandic-Palme Gambit,0
Scandinavian Defense: Kiel Variation,0
Scandinavian Defense: Kádas Gambit,0
Scandinavian Defense: Lasker Variation,0
Scandinavian Defense: Main Line,35
"Scandinavian Defense: Main Line, Leonhardt Gambit",0
"Scandinavian Defense: Main Line, Mieses Variation",11
Scandinavian Defense: Marshall Variation,2
Scandinavian Defense: Mieses-Kotroc Variation,92
Scandinavian Defense: Modern Variation,38
Scandinavian Defense: Panov Transfer,3
Scandinavian Defense: Portuguese Variation,3
"Scandinavian Defense: Portuguese Variation, Portuguese Gambit",0
Scandinavian Defense: Richter Variation,0
Van Geet Opening: Grünfeld Defense,0
Alekhine Defense,227
Alekhine Defense: Brooklyn Variation,0
Alekhine Defense: Maróczy Variation,1
Alekhine Defense: Normal Variation,110
Alekhine Defense: Scandinavian Variation,0
"Alekhine Defense: Scandinavian Variation, Geschev Gambit",0
"Alekhine Defense: Scandinavian Variation, Myers Gambit",0
Alekhine Defense: Steiner Variation,0
Alekhine Defense: Sämisch Attack,0
Alekhine Defense: Two Pawn Attack,13
"Alekhine Defense: Two Pawn Attack, Lasker Variation",0
Alekhine Defense: Balogh Variation,0
Alekhine Defense: Exchange Variation,0
Alekhine Defense: Four Pawns Attack,8
"Alekhine Defense: Four Pawns Attack, Fianchetto Variation",0
"Alekhine Defense: Four Pawns Attack, Main Line",0
"Alekhine Defense: Four Pawns Attack, Trifunovic Variation",0
Alekhine Defense: Modern Variation,36
"Alekhine Defense: Modern Variation, Alburt Variation",0
"Alekhine Defense: Modern Variation, Larsen Variation",0
"Alekhine Defense: Modern Variation, Schmid Variation",0
"Alekhine Defense: Modern Variation, Flohr Variation",0
"Alekhine Defense: Modern Variation, Main Line",2
"Alekhine Defense: Modern Variation, Panov Variation",0
Modern Defense: Gurgenidze Defense,0
"Modern Defense: Lizard Defense, Mittenberger Gambit",0
Modern Defense: Modern Pterodactyl,10
Modern Defense: Mongredien Defense,0
Modern Defense: Norwegian Defense,0
Modern Defense: Pseudo-Austrian Attack,1
Modern Defense: Standard Defense,28
Modern Defense: Standard Line,67
Modern Defense: Three Pawns Attack,0
Modern Defense: Two Knights Variation,12
"Modern Defense: Two Knights Variation, Suttles Variation",0
"Pterodactyl Defense: Eastern, Anhanguera",0
"Pterodactyl Defense: Eastern, Benoni",0
"Pterodactyl Defense: Eastern, Rhamphorhynchus",0
Czech Defense,0
King's Pawn Game: Maróczy Defense,7
Lion Defense: Anti-Philidor,8
"Lion Defense: Anti-Philidor, Lion's Cave",1
"Lion Defense: Anti-Philidor, Lion's Cave, Lion Claw Gambit",0
Lion Defense: Bayonet Attack,0
Modern Defense: Geller's System,0
"Philidor Defense: Lion Variation, Lion's Claw",0
Pirc Defense: 150 Attack,0
Pirc Defense: Bayonet Attack,0
Pirc Defense: Byrne Variation,0
Pirc Defense: Chinese Variation,0
Pirc Defense: Classical Variation,17
Pirc Defense: Kholmov System,0
Pirc Defense: Sveshnikov System,0
"Pirc Defense: Classical Variation, Quiet System",5
"Pirc Defense: Classical Variation, Quiet System, Chigorin Line",0
"Pirc Defense: Classical Variation, Quiet System, Czech Defense",0
"Pirc Defense: Classical Variation, Quiet System, Parma Defense",0
"Pirc Defense: Classical Variation, Schlechter Variation",0
Pirc Defense: Austrian Attack,15
"Pirc Defense: Austrian Attack, Dragon Formation",0
"Pirc Defense: Austrian Attack, Unzicker Attack",5
"Pirc Defense: Austrian Attack, Unzicker Attack, Bronstein Variation",0
"Pirc Defense: Austrian Attack, Weiss Variation",0
Caro-Kann Defense,524
Caro-Kann Defense: Accelerated Panov Attack,10
"Caro-Kann Defense: Accelerated Panov Attack, Modern Variation",0
"Caro-Kann Defense: Accelerated Panov Attack, Open Variation",0
Caro-Kann Defense: Apocalypse Attack,0
Caro-Kann Defense: Breyer Variation,0
Caro-Kann Defense: Euwe Attack,0
Caro-Kann Defense: Goldman Variation,0
Caro-Kann Defense: Hector Gambit,0
Caro-Kann Defense: Hillbilly Attack,0
Caro-Kann Defense: Two Knights Attack,31
"Caro-Kann Defense: Two Knights Attack, Mindeno Variation",20
"Caro-Kann Defense: Two Knights Attack, Mindeno Variation, Exchange Line",0
"Caro-Kann Defense: Two Knights Attack, Mindeno Variation, Retreat Line",0
Caro-Kann Defense: Advance Variation,98
"Caro-Kann Defense: Advance Variation, Bayonet Attack",0
"Caro-Kann Defense: Advance Variation, Botvinnik-Carls Defense",0
"Caro-Kann Defense: Advance Variation, Bronstein Variation",0
"Caro-Kann Defense: Advance Variation, Short Variation",0
"Caro-Kann Defense: Advance Variation, Tal Variation",0
"Caro-Kann Defense: Advance Variation, Van der Wiel Attack",0
Caro-Kann Defense: Maróczy Variation,0
Caro-Kann Defense: Modern Variation,39
Caro-Kann Defense: Exchange Variation,66
"Caro-Kann Defense: Exchange Variation, Rubinstein Variation",0
Caro-Kann Defense: Panov Attack,41
"Caro-Kann Defense: Panov Attack, Modern Defense",8
"Caro-Kann Defense: Panov Attack, Modern Defense, Carlsbad Line",0
"Caro-Kann Defense: Panov Attack, Modern Defense, Mieses Line",0
"Caro-Kann Defense: Panov Attack, Fianchetto Defense",3
"Caro-Kann Defense: Panov Attack, Fianchetto Defense, Fianchetto Gambit",0
"Caro-Kann Defense: Panov Attack, Main Line",0
Caro-Kann Defense: Alekhine Gambit,0
Caro-Kann Defense: Campomanes Attack,0
Caro-Kann Defense: Forgacs Variation,0
Caro-Kann Defense: Gurgenidze Counterattack,0
Caro-Kann Defense: Gurgenidze System,0
Caro-Kann Defense: Main Line,114
Caro-Kann Defense: Rasa-Studier Gambit,3
Caro-Kann Defense: Tartakower Variation,6
Caro-Kann Defense: von Hennig Gambit,0
Caro-Kann Defense: Bronstein-Larsen Variation,0
Caro-Kann Defense: Karpov Variation,9
"Caro-Kann Defense: Karpov Variation, Modern Main Line",0
"Caro-Kann Defense: Karpov Variation, Modern Variation",1
"Caro-Kann Defense: Karpov Variation, Modern Variation, Kasparov Attack",0
"Caro-Kann Defense: Karpov Variation, Smyslov Variation",2
"Caro-Kann Defense: Karpov Variation, Smyslov Variation, Main Line",0
Caro-Kann Defense: Classical Variation,44
"Caro-Kann Defense: Classical Variation, Flohr Variation",0
"Caro-Kann Defense: Classical Variation, Main Line",16
"Caro-Kann Defense: Classical Variation, Maróczy Attack",0
"Caro-Kann Defense: Classical Variation, Lobron System",0
"Caro-Kann Defense: Classical Variation, Spassky Variation",8
Sicilian Defense,2123
Sicilian Defense: Bowdler Attack,0
Sicilian Defense: Keres Variation,7
Sicilian Defense: Lasker-Dunne Attack,0
Sicilian Defense: Mengarini Variation,0
Sicilian Defense: Snyder Variation,1
"Sicilian Defense: Snyder Variation, Queen Fianchetto Variation",0
Sicilian Defense: Staunton-Cochrane Variation,2
Sicilian Defense: Wing Gambit,18
"Sicilian Defense: Wing Gambit, Abrahams Variation",0
"Sicilian Defense: Wing Gambit, Carlsbad Variation",0
"Sicilian Defense: Wing Gambit, Marshall Variation",5
"Sicilian Defense: Wing Gambit, Romanian Defense",0
"Sicilian Defense: Wing Gambit, Santasiere Variation",0
Sicilian Defense: McDonnell Attack,2
"Sicilian Defense: McDonnell Attack, Tal Gambit",0
Sicilian Defense: Morphy Gambit,4
Sicilian Defense: Smith-Morra Gambit,61
"Sicilian Defense: Smith-Morra Gambit Accepted, Classical Formation",0
"Sicilian Defense: Smith-Morra Gambit Accepted, Fianchetto Defense",0
"Sicilian Defense: Smith-Morra Gambit Accepted, Kan Formation",0
"Sicilian Defense: Smith-Morra Gambit Accepted, Paulsen Formation",0
"Sicilian Defense: Smith-Morra Gambit Accepted, Pin Defense",0
"Sicilian Defense: Smith-Morra Gambit Accepted, Scheveningen Formation",0
"Sicilian Defense: Smith-Morra Gambit Declined, Alapin Formation",18
"Sicilian Defense: Smith-Morra Gambit Declined, Dubois Variation",0
"Sicilian Defense: Smith-Morra Gambit Declined, Push Variation",4
"Sicilian Defense: Smith-Morra Gambit Declined, Scandinavian Formation",2
"Sicilian Defense: Smith-Morra Gambit, Danish Variation",1
Sicilian Defense: Alapin Variation,37
"Sicilian Defense: Alapin Variation, Barmen Defense",5
"Sicilian Defense: Alapin Variation, Barmen Defense, Central Exchange",2
"Sicilian Defense: Alapin Variation, Barmen Defense, Endgame Variation",0
"Sicilian Defense: Alapin Variation, Barmen Defense, Modern Line",0
"Sicilian Defense: Alapin Variation, Smith-Morra Declined",0
"Sicilian Defense: Alapin Variation, Stoltz Attack",0
Sicilian Defense: Closed,98
"Sicilian Defense: Closed, Chameleon Variation",2
"Sicilian Defense: Closed, Korchnoi Defense",0
"Sicilian Defense: Closed, Traditional",45
Sicilian Defense: Grand Prix Attack,3
"Sicilian Defense: Grand Prix Attack, Schofman Variation",0
"Sicilian Defense: Closed, Fianchetto Variation",22
"Sicilian Defense: Closed, Botvinnik Defense",0
Modern Defense: Pterodactyl Variation,2
"Pterodactyl Defense: Sicilian, Anhanguera",0
"Pterodactyl Defense: Western, Rhamphorhynchus",0
Sicilian Defense: Hyperaccelerated Dragon,30
Sicilian Defense: Hyperaccelerated Fianchetto,16
Sicilian Defense: Hyperaccelerated Pterodactyl,2
Sicilian Defense: Katalimov Variation,0
Sicilian Defense: O'Kelly Variation,14
"Sicilian Defense: O'Kelly Variation, Maróczy Bind",2
"Sicilian Defense: O'Kelly Variation, Maróczy Bind, Paulsen Line",0
"Sicilian Defense: O'Kelly Variation, Normal System",2
"Sicilian Defense: O'Kelly Variation, Normal System, Taimanov Line",0
"Sicilian Defense: O'Kelly Variation, Venice System",4
"Sicilian Defense: O'Kelly Variation, Venice System, Barcza Line",0
"Sicilian Defense: O'Kelly Variation, Venice System, Ljubojevic Line",0
"Sicilian Defense: O'Kelly Variation, Yerevan System",0
Sicilian Defense: Nimzowitsch Variation,17
"Sicilian Defense: Nimzowitsch Variation, Advance Variation",4
"Sicilian Defense: Nimzowitsch Variation, Closed Variation",0
"Sicilian Defense: Nimzowitsch Variation, Exchange Variation",0
"Sicilian Defense: Nimzowitsch Variation, Main Line",0
"Sicilian Defense: Closed, Anti-Sveshnikov Variation, Kharlov-Kramnik Line",0
Sicilian Defense: Nyezhmetdinov-Rossolimo Attack,54
Sicilian Defense: Old Sicilian,283
"Sicilian Defense: Rossolimo Variation, Brooklyn Retreat Defense",0
"Sicilian Defense: Nyezhmetdinov-Rossolimo Attack, Fianchetto Variation",6
"Sicilian Defense: Nyezhmetdinov-Rossolimo Attack, Fianchetto Variation, Gufeld Gambit",0
"Sicilian Defense: Nyezhmetdinov-Rossolimo Attack, Fianchetto Variation, Lutikov Gambit",0
"Sicilian Defense: Nyezhmetdinov-Rossolimo Attack, Fianchetto Variation, Totsky Attack",0
"Sicilian Defense: Nyezhmetdinov-Rossolimo Attack, Gurgenidze Variation",0
Sicilian Defense: Accelerated Dragon,37
Sicilian Defense: Flohr Variation,3
Sicilian Defense: Godiva Variation,0
Sicilian Defense: Kalashnikov Variation,1
Sicilian Defense: Löwenthal Variation,18
Sicilian Defense: Open,154
"Sicilian Defense: Four Knights Variation, Cobra Variation",0
Sicilian Defense: Lasker-Pelikan Variation,28
"Sicilian Defense: Lasker-Pelikan Variation, Bird Variation",0
"Sicilian Defense: Lasker-Pelikan Variation, Exchange Variation",0
"Sicilian Defense: Lasker-Pelikan Variation, Schlechter Variation",0
"Sicilian Defense: Lasker-Pelikan Variation, Sveshnikov Variation",24
"Sicilian Defense: Lasker-Pelikan Variation, Sveshnikov Variation, Chelyabinsk Variation",0
"Sicilian Defense: Lasker-Pelikan Variation, Sveshnikov Variation, Novosibirsk Variation",0
"Sicilian Defense: Accelerated Dragon, Modern Variation",11
"Sicilian Defense: Accelerated Dragon, Modern Bc4 Variation",0
"Sicilian Defense: Dragon Variation, Modern Bc4 Variation",1
"Sicilian Defense: Accelerated Dragon, Maróczy Bind",24
"Sicilian Defense: Accelerated Dragon, Maróczy Bind, Gurgenidze Variation",0
"Sicilian Defense: Accelerated Fianchetto, Maróczy Bind",20
"Sicilian Defense: Accelerated Dragon, Maróczy Bind, Breyer Variation",0
Sicilian Defense: Delayed Alapin Variation,1
Sicilian Defense: Four Knights Variation,20
"Sicilian Defense: Four Knights Variation, Exchange Variation",0
Sicilian Defense: French Variation,219
"Sicilian Defense: French Variation, Normal",34
"Sicilian Defense: French Variation, Open",147
"Sicilian Defense: French Variation, Westerinen Attack",0
"Sicilian Defense: Kan Variation, Wing Attack, Fianchetto Variation",0
Sicilian Defense: Kramnik Variation,2
Sicilian Defense: Kveinis Variation,0
Sicilian Defense: Marshall Counterattack,0
Sicilian Defense: Paulsen-Basman Defense,0
Sicilian Defense: Pin Variation,2
"Sicilian Defense: Pin Variation, Koch Variation",0
Sicilian Defense: Smith-Morra Gambit Deferred,1
Sicilian Defense: Wing Gambit Deferred,0
Sicilian Defense: Kan Variation,63
"Sicilian Defense: Kan Variation, Maróczy Bind, Bronstein Variation",0
"Sicilian Defense: Kan Variation, Maróczy Bind, Réti Variation",1
"Sicilian Defense: Kan Variation, Modern Variation",5
"Sicilian Defense: Kan Variation, Polugaevsky Variation",0
"Sicilian Defense: Kan Variation, Knight Variation",10
"Sicilian Defense: Kan Variation, Wing Attack",4
"Sicilian Defense: Kan Variation, Wing Attack, Spraggett Attack",0
Sicilian Defense: Taimanov Variation,36
"Sicilian Defense: Taimanov Variation, Modern Line",0
"Sicilian Defense: Taimanov Variation, Szén Variation",1
"Sicilian Defense: Taimanov Variation, American Attack",0
"Sicilian Defense: Taimanov Variation, Normal Variation",33
"Sicilian Defense: Taimanov Variation, Bastrikov Variation",7
"Sicilian Defense: Taimanov Variation, Bastrikov Variation, Ponomariov Gambit",0
"Sicilian Defense: Taimanov Variation, Bastrikov Variation, English Attack",0
Sicilian Defense: Delayed Alapin,1
"Sicilian Defense: Delayed Alapin, Basman-Palatnik Double Gambit",0
"Sicilian Defense: Delayed Alapin, Basman-Palatnik Gambit",1
Sicilian Defense: Modern Variations,551
"Sicilian Defense: Modern Variations, Anti-Qxd4 Move Order",7
"Sicilian Defense: Modern Variations, Anti-Qxd4 Move Order Accepted",0
"Sicilian Defense: Modern Variations, Tartakower",0
"Sicilian Defense: Wing Gambit, Deferred Variation",0
"Sicilian Defense: Canal Attack, Moscow Gambit",0
Sicilian Defense: Moscow Variation,68
"Sicilian Defense: Canal Attack, Haag Gambit",0
"Sicilian Defense: Canal Attack, Main Line",16
"Sicilian Defense: Moscow Variation, Sokolsky Variation",0
Sicilian Defense: Chekhover Variation,0
"Sicilian Defense: Modern Variations, Main Line",354
Sicilian Defense: Prins Variation,5
"Sicilian Defense: Prins Variation, Venice Attack",0
Sicilian Defense: Classical Variation,52
"Sicilian Defense: Classical Variation, Fianchetto Variation",0
Sicilian Defense: Kupreichik Variation,1
Sicilian Defense: Venice Attack,0
"Sicilian Defense: Classical Variation, Anti-Sozin Variation",0
"Sicilian Defense: Sozin, not Scheveningen",10
Sicilian Defense: Boleslavsky Variation,0
"Sicilian Defense: Classical Variation, Dragon Transfer",0
Sicilian Defense: Richter-Rauzer Variation,28
"Sicilian Defense: Richter-Rauzer Variation, Dragon Variation",0
"Sicilian Defense: Richter-Rauzer Variation, Modern Variation",0
"Sicilian Defense: Richter-Rauzer Variation, Classical Variation",1
"Sicilian Defense: Richter-Rauzer Variation, Traditional Variation",21
"Sicilian Defense: Richter-Rauzer Variation, Neo-Modern Variation, Early Deviations",8
"Sicilian Defense: Richter-Rauzer Variation, Neo-Modern Variation",1
"Sicilian Defense: Richter-Rauzer Variation, Neo-Modern Variation, Nyezhmetdinov Attack",0
Sicilian Defense: Dragon Variation,52
"Sicilian Defense: Dragon Variation, Classical Variation",1
"Sicilian Defense: Dragon Variation, Fianchetto Variation",0
"Sicilian Defense: Dragon Variation, Levenfish Variation",0
"Sicilian Defense: Dragon Variation, Classical Variation, Battery Variation",0
"Sicilian Defense: Dragon Variation, Yugoslav Attack, Belezky Line",6
"Sicilian Defense: Dragon Variation, Yugoslav Attack, Early Deviations",39
"Sicilian Defense: Dragon Variation, Yugoslav Attack",40
"Sicilian Defense: Dragon Variation, Yugoslav Attack, Modern Line",0
"Sicilian Defense: Dragon Variation, Yugoslav Attack, Panov Variation",0
"Sicilian Defense: Dragon Variation, Yugoslav Attack, Czerniak Variation",0
"Sicilian Defense: Dragon Variation, Yugoslav Attack, Main Line",10
"Sicilian Defense: Dragon Variation, Yugoslav Attack, Old Line",0
Sicilian Defense: Scheveningen Variation,10
"Sicilian Defense: Scheveningen Variation, English Attack",0
"Sicilian Defense: Scheveningen Variation, Keres Attack",0
"Sicilian Defense: Scheveningen Variation, Tal Variation",0
"Sicilian Defense: Scheveningen Variation, Classical Variation",0
Sicilian Defense: Sozin Attack,0
"Sicilian Defense: Sozin Attack, Flank Variation",0
"Sicilian Defense: Sozin Attack, Leonhardt Variation",5
"Sicilian Defense: Sozin Attack, Main Line",2
Sicilian Defense: Velimirovic Attack,0
Sicilian Defense: Najdorf Variation,157
"Sicilian Defense: Najdorf Variation, Adams Attack",0
"Sicilian Defense: Najdorf Variation, English Attack",4
"Sicilian Defense: Najdorf Variation, Freak Attack",0
"Sicilian Defense: Najdorf Variation, Lipnitsky Attack",6
"Sicilian Defense: Scheveningen Variation, Delayed Keres Attack",1
"Sicilian Defense: Scheveningen Variation, Delayed Keres Attack, Perenyi Gambit",0
"Sicilian Defense: Najdorf Variation, Zagreb Variation",0
"Sicilian Defense: Najdorf Variation, Opocensky Variation",11
"Sicilian Defense: Najdorf Variation, Opocensky Variation, Modern Line",0
"Sicilian Defense: Najdorf Variation, Opocensky Variation, Traditional Line",0
"Sicilian Defense: Najdorf Variation, Amsterdam Variation",0
"Sicilian Defense: Najdorf Variation, Neo-Classical Defense",0
"Sicilian Defense: Najdorf Variation, Polugaevsky Variation",0
"Sicilian Defense: Najdorf Variation, Poisoned Pawn Accepted",0
"Sicilian Defense: Najdorf Variation, Poisoned Pawn Variation",3
"Sicilian Defense: Najdorf Variation, Browne Variation",0
"Sicilian Defense: Najdorf Variation, Traditional Line",9
"Sicilian Defense: Najdorf Variation, Main Line",0
French Defense,677
French Defense: Chigorin Variation,0
French Defense: Horwitz Attack,2
"French Defense: Horwitz Attack, Papa-Ticulat Gambit",0
French Defense: King's Indian Attack,3
French Defense: Knight Variation,22
French Defense: La Bourdonnais Variation,0
French Defense: Mediterranean Defense,0
French Defense: Normal Variation,294
French Defense: Orthoschnapp Gambit,0
French Defense: Pelikan Variation,0
French Defense: Perseus Gambit,0
French Defense: Queen's Knight,10
French Defense: Reversed Philidor Formation,0
French Defense: Schlechter Variation,0
French Defense: Steiner Variation,4
French Defense: Two Knights Variation,1
French Defense: Wing Gambit,0
Queen's Pawn Game: Franco-Sicilian Defense,4
Rat Defense: Small Center Defense,0
Sicilian Defense: Drazic Variation,1
French Defense: Exchange Variation,4
"French Defense: Exchange Variation, Monte Carlo Variation",0
French Defense: Advance Variation,62
"French Defense: Advance Variation, Euwe Variation",0
"French Defense: Advance Variation, Lputian Variation",0
"French Defense: Advance Variation, Main Line",1
"French Defense: Advance Variation, Milner-Barry Gambit",0
"French Defense: Advance Variation, Nimzowitsch Attack",1
"French Defense: Advance Variation, Nimzowitsch Gambit",0
"French Defense: Advance Variation, Nimzowitsch System",0
"French Defense: Advance Variation, Paulsen Attack",24
"French Defense: Advance Variation, Steinitz Variation",0
"French Defense: Advance Variation, Wade Variation",0
French Defense: Tarrasch Variation,73
"French Defense: Tarrasch Variation, Guimard Defense",7
"French Defense: Tarrasch Variation, Modern System",0
"French Defense: Tarrasch Variation, Morozevich Variation",0
"French Defense: Tarrasch Variation, Guimard Defense, Main Line",0
"French Defense: Tarrasch Variation, Botvinnik Variation",0
"French Defense: Tarrasch Variation, Closed Variation",13
"French Defense: Tarrasch Variation, Pawn Center Variation",0
"French Defense: Tarrasch Variation, Closed Variation, Main Line",0
"French Defense: Tarrasch Variation, Chistyakov Defense",0
"French Defense: Tarrasch Variation, Chistyakov Defense, Modern Line",0
"French Defense: Tarrasch Variation, Open System",14
"French Defense: Tarrasch Variation, Open System, Euwe-Keres Line",2
"French Defense: Tarrasch Variation, Open System, Main Line",0
"French Defense: Classical Variation, Svenonius Variation",0
French Defense: Paulsen Variation,107
French Defense: Rubinstein Variation,11
"French Defense: Rubinstein Variation, Blackburne Defense",0
"French Defense: Rubinstein Variation, Fort Knox Variation",0
French Defense: Burn Variation,30
French Defense: Classical Variation,53
"French Defense: Classical Variation, Burn Variation, Main Line",0
"French Defense: Classical Variation, Burn Variation, Morozevich Line",0
"French Defense: Classical Variation, Steinitz Variation",14
"French Defense: Classical Variation, Swiss Variation",0
French Defense: Steinitz Variation,11
"French Defense: Steinitz Variation, Boleslavsky Variation",0
French Defense: MacCutcheon Variation,9
"French Defense: MacCutcheon Variation, Advance Variation",9
"French Defense: MacCutcheon Variation, Chigorin Variation",0
"French Defense: MacCutcheon Variation, Janowski Variation",0
"French Defense: MacCutcheon Variation, Lasker Variation",0
"French Defense: MacCutcheon Variation, Tartakower Variation",0
French Defense: Alekhine-Chatard Attack,7
"French Defense: Alekhine-Chatard Attack, Albin-Chatard Gambit",0
"French Defense: Alekhine-Chatard Attack, Maróczy Variation",0
"French Defense: Classical Variation, Normal Variation",14
"French Defense: Classical Variation, Pollock Variation",0
"French Defense: Classical Variation, Rubinstein Variation",0
French Defense: Winawer Variation,39
"French Defense: Winawer Variation, Alekhine Gambit Accepted",1
"French Defense: Winawer Variation, Alekhine Gambit, Kan Variation",0
"French Defense: Winawer Variation, Alekhine-Maróczy Gambit",3
"French Defense: Winawer Variation, Delayed Exchange Variation",0
"French Defense: Winawer Variation, Fingerslip Variation",1
"French Defense: Winawer Variation, Fingerslip Variation, Main Line",0
"French Defense: Winawer Variation, Winckelmann-Riemer Gambit",0
"French Defense: Winawer Variation, Advance Variation",10
"French Defense: Winawer Variation, Petrosian Variation",0
"French Defense: Winawer Variation, Bogoljubov Variation",0
"French Defense: Winawer Variation, Retreat Variation",1
"French Defense: Winawer Variation, Retreat Variation, Armenian Line",0
"French Defense: Winawer Variation, Poisoned Pawn Variation",1
"French Defense: Winawer Variation, Poisoned Pawn Variation, Main Line",0
"French Defense: Winawer Variation, Positional Variation",0
Center Game,61
English Opening: The Whale,0
King's Pawn Game,834
King's Pawn Game: Leonardis Variation,2
King's Pawn Game: Macleod Attack,0
King's Pawn Game: Tortoise Opening,0
King's Pawn Game: Wayward Queen Attack,0
Center Game Accepted,40
Center Game: Kieseritzky Variation,11
Danish Gambit,3
Danish Gambit Declined: Sorensen Defense,0
Center Game: Berger Variation,0
Center Game: Hall Variation,0
Center Game: Normal Variation,11
Center Game: Paulsen Attack Variation,6
Bishop's Opening,24
Bishop's Opening: Khan Gambit,0
Bishop's Opening: Berlin Defense,10
Bishop's Opening: Vienna Hybrid,2
Vienna Game,48
Vienna Game: Hamppe-Muzio Gambit,1
Vienna Game: Max Lange Defense,15
Vienna Game: Vienna Gambit,18
"Vienna Game: Vienna Gambit, Hamppe-Muzio Gambit",0
"Vienna Game: Vienna Gambit, Steinitz Gambit, Knight Variation",1
"Bishop's Opening: Vienna Hybrid, Spielmann Attack",0
Vienna Game: Falkbeer Variation,42
Vienna Game: Mieses Variation,0
Vienna Game: Stanley Variation,16
"Vienna Game: Stanley Variation, Reversed Spanish",0
Bishop's Opening: Boden-Kieseritzky Gambit,0
Vienna Game: Frankenstein-Dracula Variation,2
"Vienna Game: Stanley Variation, Monster Declined",0
"Bishop's Opening: Vienna Hybrid, Hromádka Variation",0
"Vienna Game: Stanley Variation, Three Knights Variation",12
"Vienna Game: Vienna Gambit, Bardeleben Variation",0
"Vienna Game: Vienna Gambit, Main Line",9
"Vienna Game: Vienna Gambit, Modern Variation",0
"Vienna Game: Vienna Gambit, Paulsen Attack",1
"Vienna Game: Vienna Gambit, Steinitz Variation",0
King's Gambit,35
King's Gambit Declined: Classical Variation,0
King's Gambit Declined: Miles Defense,0
King's Gambit Declined: Petrov's Defense,1
King's Gambit Declined: Queen's Knight Defense,2
King's Gambit Declined: Falkbeer Countergambit,13
King's Gambit Declined: Falkbeer Countergambit Accepted,10
"King's Gambit Declined: Falkbeer Countergambit, Charousek Gambit, Morphy Defense",0
"King's Gambit Declined: Falkbeer Countergambit, Hinrichsen Gambit",0
"King's Gambit Declined: Falkbeer Countergambit, Milner-Barry Variation",0
"King's Gambit Declined: Falkbeer Countergambit, Modern Transfer",7
"King's Gambit Declined: Falkbeer Countergambit, Nimzowitsch-Marshall Countergambit",0
"King's Gambit Declined: Falkbeer Countergambit, Staunton Line",1
King's Gambit Accepted,14
King's Gambit Accepted: Bishop's Gambit,3
"King's Gambit Accepted: Bishop's Gambit, Anderssen Variation",0
"King's Gambit Accepted: Bishop's Gambit, Bledow Variation",1
"King's Gambit Accepted: Bishop's Gambit, Lopez Defense",0
"King's Gambit Accepted: Bishop's Gambit, Maurian Defense",0
Van Geet Opening: Nowokunski Gambit,0
King's Gambit Accepted: Bonsch-Osmolovsky Variation,0
King's Gambit Accepted: Fischer Defense,2
King's Gambit Accepted: Greco Gambit,0
King's Gambit Accepted: King's Knight's Gambit,10
King's Gambit Accepted: MacLeod Defense,1
King's Gambit Accepted: Schallopp Defense,0
King's Gambit Accepted: Abbazia Defense,0
King's Gambit Accepted: Modern Defense,9
King's Gambit Accepted: Mayet Gambit,0
King's Gambit Accepted: Kieseritzky Gambit,1
"King's Gambit Accepted: Kieseritzky Gambit, Kolisch Defense",0
Elephant Gambit,16
Elephant Gambit: Maróczy Gambit,0
Elephant Gambit: Paulsen Countergambit,0
Gunderam Defense,0
King's Knight Opening,674
King's Pawn Game: Damiano Defense,0
Latvian Gambit,1
Latvian Gambit: Mason Countergambit,0
Philidor Defense,24
Philidor Defense: Exchange Variation,1
Philidor Defense: Hanham Variation,7
"Philidor Defense: Hanham Variation, Krause Variation",0
"Philidor Defense: Hanham Variation, Schlechter Variation",0
Philidor Defense: Lion Variation,5
"Philidor Defense: Lion Variation, Shirov Gambit",0
"Philidor Defense: Lion Variation, Sozin Variation",0
Philidor Defense: Morphy Gambit,0
Philidor Defense: Steinitz Variation,0
Russian Game,66
Russian Game: Classical Attack,9
"Russian Game: Classical Attack, Chigorin Variation, Browne Attack",0
"Russian Game: Classical Attack, Jaenisch Variation",1
"Russian Game: Classical Attack, Marshall Variation",5
"Russian Game: Classical Attack, Mason Variation",0
"Russian Game: Classical Attack, Mason-Showalter Variation",2
"Russian Game: Classical Attack, Staunton Variation",0
Russian Game: Cochrane Gambit,0
Russian Game: Cozio Attack,0
Russian Game: Damiano Variation,2
"Russian Game: Damiano Variation, Kholmov Gambit",0
Russian Game: French Attack,0
Russian Game: Italian Variation,1
Russian Game: Kaufmann Attack,0
Russian Game: Millennium Attack,0
Russian Game: Nimzowitsch Attack,0
Russian Game: Stafford Gambit,0
Russian Game: Three Knights Game,19
Russian Game: Modern Attack,11
"Russian Game: Modern Attack, Center Variation",2
"Russian Game: Modern Attack, Murrey Variation",0
"Russian Game: Modern Attack, Symmetrical Variation",7
King's Knight Opening: Konstantinopolsky,0
King's Knight Opening: Normal Variation,546
"King's Pawn Game: Tayler Opening, Inverted Hanham",0
Ponziani Opening,5
Ponziani Opening: Caro Gambit,0
Ponziani Opening: Jaenisch Counterattack,0
Ponziani Opening: Ponziani Countergambit,0
Ponziani Opening: Steinitz Variation,0
Scotch Game,88
Scotch Game: Benima Defense,0
Scotch Game: Cochrane-Shumov Defense,0
Scotch Game: Göring Gambit,6
"Scotch Game: Göring Gambit, Double Pawn Sacrifice",0
"Scotch Game: Göring Gambit, Main Line",0
Scotch Game: Haxo Gambit,5
Scotch Game: Scotch Gambit,32
"Scotch Game: Scotch Gambit, Advance Variation",2
"Scotch Game: Scotch Gambit, Dubois Réti Defense",36
"Scotch Game: Scotch Gambit, Göring Gambit Declined",0
"Scotch Game: Scotch Gambit, Kingside Variation",0
"Scotch Game: Scotch Gambit, Sarratt Variation",1
Scotch Game: Classical Variation,4
"Scotch Game: Classical Variation, Intermezzo Variation",0
"Scotch Game: Classical Variation, Millennium Variation",0
Scotch Game: Horwitz Attack,0
Scotch Game: Malaniuk Variation,0
Scotch Game: Mieses Variation,0
Scotch Game: Potter Variation,0
Scotch Game: Schmidt Variation,14
Scotch Game: Steinitz Variation,1
Scotch Game: Tartakower Variation,0
Three Knights Opening,51
Three Knights Opening: Schlechter Variation,0
Three Knights Opening: Steinitz Defense,0
Three Knights Opening: Winawer Defense,0
Four Knights Game,56
Four Knights Game: Gunsberg Variation,0
Four Knights Game: Italian Variation,2
Four Knights Game: Scotch Variation,26
Four Knights Game: Scotch Variation Accepted,2
"Four Knights Game: Scotch Variation, Krause Gambit",0
"Four Knights Game: Scotch Variation, Schmid Defense",0
Four Knights Game: Spanish Variation,12
"Four Knights Game: Spanish Variation, Classical Variation",0
"Four Knights Game: Spanish Variation, Rubinstein Variation",0
Four Knights Game: Double Spanish,3
Four Knights Game: Nimzowitsch Variation,0
"Four Knights Game: Spanish Variation, Symmetrical Variation",0
Giuoco Piano,66
Italian Game,173
"Italian Game: Classical Variation, Albin Gambit",0
Italian Game: Deutz Gambit,0
Italian Game: Giuoco Pianissimo,10
"Italian Game: Giuoco Pianissimo, Canal Variation",0
"Italian Game: Giuoco Pianissimo, Italian Four Knights Variation",0
"Italian Game: Giuoco Pianissimo, Normal",16
Italian Game: Hungarian Defense,0
Italian Game: Evans Gambit,8
Italian Game: Evans Gambit Accepted,4
Italian Game: Evans Gambit Declined,0
"Italian Game: Evans Gambit, Anderssen Variation",1
"Italian Game: Evans Gambit, Anderssen Variation, Cordel Line",0
"Italian Game: Evans Gambit, Main Line",1
"Italian Game: Evans Gambit, Mieses Defense",0
"Italian Game: Evans Gambit, Pierce Defense",1
Italian Game: Bird's Attack,0
Italian Game: Classical Variation,44
"Italian Game: Classical Variation, Center Attack",19
"Italian Game: Classical Variation, Closed Variation",0
"Italian Game: Classical Variation, Giuoco Pianissimo",0
"Italian Game: Classical Variation, Greco Gambit",2
"Italian Game: Classical Variation, Greco Gambit, Anderssen Variation",0
"Italian Game: Classical Variation, Greco Gambit, Main Line",6
"Italian Game: Classical Variation, Greco Gambit, Moeller-Therkatz Attack",1
"Italian Game: Classical Variation, Greco Gambit, Traditional Line",9
"Italian Game: Giuoco Piano, Greco's Attack",8
"Italian Game: Giuoco Piano, Therkatz-Herzog Variation",0
Italian Game: Scotch Gambit,19
"Italian Game: Scotch Gambit, Janowski Defense",0
"Italian Game: Scotch Gambit, Max Lange Attack",2
"Italian Game: Scotch Gambit, de Riviere Defense",0
Italian Game: Two Knights Defense,90
"Italian Game: Two Knights Defense, Max Lange Attack",0
"Italian Game: Two Knights Defense, Modern Bishop's Opening",25
"Italian Game: Two Knights Defense, Open Variation",13
"Italian Game: Two Knights Defense, Perreux Variation",0
"Italian Game: Scotch Gambit, Anderssen Attack",0
"Italian Game: Scotch Gambit, Canal Variation",0
"Italian Game: Scotch Gambit, Double Gambit Accepted",15
"Italian Game: Scotch Gambit, Nakhmanson Gambit",0
"Italian Game: Two Knights Defense, Fritz Variation",0
"Italian Game: Two Knights Defense, Knight Attack",26
"Italian Game: Two Knights Defense, Knight Attack, Normal Variation",25
"Italian Game: Two Knights Defense, Traxler Counterattack",1
"Italian Game: Two Knights Defense, Traxler Counterattack, Bishop Sacrifice Line",0
"Italian Game: Two Knights Defense, Maróczy Variation",0
"Italian Game: Two Knights Defense, Polerio Defense",21
"Italian Game: Two Knights Defense, Polerio Defense, Bishop Check Line",2
"Italian Game: Two Knights Defense, Polerio Defense, Kieseritzky Variation",1
"Italian Game: Two Knights Defense, Polerio Defense, Suhle Defense",0
Ruy Lopez,236
Ruy Lopez: Cozio Defense,2
"Ruy Lopez: Cozio Defense, Paulsen Variation",0
Ruy Lopez: Schliemann Defense,8
"Ruy Lopez: Schliemann Defense, Classical Variation",0
"Ruy Lopez: Schliemann Defense, Dyckhoff Variation",6
"Ruy Lopez: Schliemann Defense, Tartakower Variation",0
"Ruy Lopez: Classical Defense, Benelux Variation",1
Ruy Lopez: Classical Variation,4
"Ruy Lopez: Classical Variation, Central Variation",2
"Ruy Lopez: Classical Variation, Cordel Gambit",0
"Ruy Lopez: Classical Variation, Modern Main Line",0
Ruy Lopez: Berlin Defense,45
"Ruy Lopez: Berlin Defense, Beverwijk Variation",0
"Ruy Lopez: Berlin Defense, Duras Variation",0
"Ruy Lopez: Berlin Defense, Fishing Pole Variation",0
"Ruy Lopez: Berlin Defense, Kaufmann Variation",0
"Ruy Lopez: Berlin Defense, Closed Wolf Variation",0
"Ruy Lopez: Berlin Defense, Improved Steinitz Defense",1
"Ruy Lopez: Berlin Defense, Berlin Wall",0
"Ruy Lopez: Berlin Defense, Minckwitz Variation",0
"Ruy Lopez: Berlin Defense, Rio Gambit Accepted",25
"Ruy Lopez: Berlin Defense, Rio de Janeiro Variation",1
"Ruy Lopez: Berlin Defense, Rosenthal Variation",1
"Ruy Lopez: Berlin Defense, l'Hermet Variation",19
"Ruy Lopez: Berlin Defense, l'Hermet Variation, Berlin Wall Defense",1
"Ruy Lopez: Open Berlin Defense, Showalter Variation",0
"Ruy Lopez: Open Berlin Defense, l'Hermet Variation",0
Ruy Lopez: Exchange Variation,14
"Ruy Lopez: Exchange Variation, Keres Variation",0
"Ruy Lopez: Exchange, Alekhine Variation",0
"Ruy Lopez: Exchange Variation, Alapin Gambit",0
"Ruy Lopez: Exchange Variation, Gligoric Variation",0
"Ruy Lopez: Exchange Variation, King's Bishop Variation",0
"Ruy Lopez: Exchange Variation, Normal Variation",7
Ruy Lopez: Morphy Defense,109
"Ruy Lopez: Morphy Defense, Caro Variation",1
"Ruy Lopez: Morphy Defense, Classical Defense Deferred",0
"Ruy Lopez: Morphy Defense, Cozio Defense",0
"Ruy Lopez: Morphy Defense, Fianchetto Defense Deferred",0
"Ruy Lopez: Morphy Defense, Modern Steinitz Defense",5
Ruy Lopez: Noah's Ark Trap,0
"Ruy Lopez: Morphy Defense, Modern Steinitz Defense, Fianchetto Variation",0
"Ruy Lopez: Morphy Defense, Anderssen Variation",1
"Ruy Lopez: Morphy Defense, Bayreuth Variation",0
"Ruy Lopez: Morphy Defense, Duras Variation",0
"Ruy Lopez: Morphy Defense, Tarrasch Variation",0
"Ruy Lopez: Morphy Defense, Wormald Attack",0
"Ruy Lopez: Morphy Defense, Arkhangelsk Variation",0
"Ruy Lopez: Morphy Defense, Neo-Arkhangelsk Variation",0
"Ruy Lopez: Morphy Defense, Steinitz Deferred",4
Ruy Lopez: Open,11
"Ruy Lopez: Open, Bernstein Variation",0
"Ruy Lopez: Open, Main Line",7
"Ruy Lopez: Open, Howell Attack",0
"Ruy Lopez: Open, Dilworth Variation",0
"Ruy Lopez: Open, Italian Variation",2
"Ruy Lopez: Open, St. Petersburg Variation",2
Ruy Lopez: Closed,56
"Ruy Lopez: Closed, Martinez Variation",2
"Ruy Lopez: Closed, Worrall Attack",1
"Ruy Lopez: Closed, Worrall Attack, Castling Line",0
"Ruy Lopez: Closed, Averbakh Variation",2
"Ruy Lopez: Closed, Anti-Marshall",0
"Ruy Lopez: Closed, Trajkovic Counterattack",0
Ruy Lopez: Marshall Attack,1
"Ruy Lopez: Marshall Attack, Modern Variation",0
"Ruy Lopez: Closed, Closed Defense",30
"Ruy Lopez: Closed, Pilnik Variation",0
"Ruy Lopez: Closed, Bogoljubov Variation",0
"Ruy Lopez: Closed, Yates Variation",4
"Ruy Lopez: Closed, Flohr System",2
"Ruy Lopez: Closed, Keres Defense",0
"Ruy Lopez: Closed, Smyslov-Breyer-Zaitsev Hybrid",0
"Ruy Lopez: Morphy Defense, Breyer Defense",3
"Ruy Lopez: Morphy Defense, Breyer Defense, Quiet Variation",0
"Ruy Lopez: Closed, Breyer",2
"Ruy Lopez: Morphy Defense, Breyer Defense, Zaitsev Hybrid",0
"Ruy Lopez: Closed, Borisenko Variation",0
"Ruy Lopez: Closed, Chigorin Defense",0
Blackmar-Diemer Gambit,39
Blackmar-Diemer Gambit Declined: Brombacher Countergambit,0
Blackmar-Diemer Gambit Declined: Elbert Countergambit,0
Blackmar-Diemer Gambit Declined: Langeheinecke Defense,0
Blackmar-Diemer Gambit Declined: O'Kelly Defense,0
Blackmar-Diemer Gambit Declined: Weinsbach Declination,0
Blackmar-Diemer Gambit: Bogoljubov Variation,1
"Blackmar-Diemer Gambit: Bogoljubov Variation, Nimzowitsch Attack",0
Blackmar-Diemer Gambit: Euwe Defense,0
Blackmar-Diemer Gambit: Gedult Gambit,1
"Blackmar-Diemer Gambit: Lemberger Countergambit, Simple Variation",0
Blackmar-Diemer Gambit: Netherlands Variation,0
Blackmar-Diemer Gambit: Ryder Gambit,0
Blackmar-Diemer Gambit: Teichmann Variation,0
Blackmar-Diemer Gambit: Vienna Variation,0
Blackmar-Diemer Gambit: Zeller Defense,0
Blackmar-Diemer Gambit: Ziegler Defense,0
Blackmar-Diemer Gambit: von Popiel Gambit,0
"Queen's Pawn Game: Chigorin Variation, Alburt Defense",2
"Queen's Pawn Game: Chigorin Variation, Irish Gambit",0
"Queen's Pawn Game: Chigorin Variation, Shaviliuk Gambit",0
"Queen's Pawn Game: Chigorin Variation, Shropshire Defense",0
Queen's Pawn Game: Hübsch Gambit,0
Queen's Pawn Game: Levitsky Attack,0
Queen's Pawn Game: Mason Variation,19
Queen's Pawn Game: Morris Countergambit,0
Queen's Pawn Game: Steinitz Countergambit,1
"Queen's Pawn Game: Veresov Attack, Boyce Defense",0
"Queen's Pawn Game: Veresov Attack, Richter Variation",0
Rapport-Jobava System,0
Richter-Veresov Attack,16
"Queen's Gambit Declined: Baltic Defense, Pseudo-Slav",0
Queen's Pawn Game: Anti-Torre,0
Queen's Pawn Game: Krause Variation,10
Queen's Pawn Game: London System,1
Queen's Pawn Game: Symmetrical Variation,225
"Queen's Pawn Game: Symmetrical Variation, Pseudo-Catalan",6
Queen's Pawn Game: Zukertort Variation,261
Queen's Pawn Game: Torre Attack,6
"Queen's Pawn Game: Torre Attack, Gossip Variation",0
Queen's Pawn Game: Colle System,5
"Queen's Pawn Game: Colle System, Anti-Colle",0
"Queen's Pawn Game: Colle System, Grünfeld Formation",0
"Queen's Pawn Game: Colle System, Traditional Colle",0
Rubinstein Opening,0
Queen's Gambit,549
"Queen's Gambit Declined: Austrian Attack, Salvio Countergambit",0
Queen's Gambit Declined: Austrian Defense,4
"Queen's Gambit Declined: Austrian Defense, Gusev Countergambit",1
Queen's Gambit Declined: Baltic Defense,1
"Queen's Gambit Declined: Baltic Defense, Queen Attack Deferred",0
Queen's Gambit Declined: Marshall Defense,5
Queen's Gambit Declined: Chigorin Defense,9
"Queen's Gambit Declined: Chigorin Defense, Exchange Variation",1
"Queen's Gambit Declined: Chigorin Defense, Exchange Variation, Costa's Line",0
"Queen's Gambit Declined: Chigorin Defense, Lazard Gambit",0
"Queen's Gambit Declined: Chigorin Defense, Main Line",0
"Queen's Gambit Declined: Chigorin Defense, Modern Gambit",0
"Queen's Gambit Declined: Chigorin Defense, Tartakower Gambit",0
Queen's Gambit Declined: Albin Countergambit,24
"Queen's Gambit Declined: Albin Countergambit, Krenosz Variation",0
"Queen's Gambit Declined: Albin Countergambit, Lasker Trap",0
"Queen's Gambit Declined: Albin Countergambit, Modern Line",2
"Queen's Gambit Declined: Albin Countergambit, Normal Line",11
"Queen's Gambit Declined: Albin Countergambit, Tartakower Defense",0
"Queen's Gambit Declined: Albin Countergambit, Fianchetto Variation",4
"Queen's Gambit Declined: Albin Countergambit, Fianchetto Variation, Bg4 Line",0
Slav Defense,191
Slav Defense: Diemer Gambit,0
Slav Defense: Exchange Variation,8
Slav Defense: Winawer Countergambit,0
Slav Defense: Breyer Variation,0
Slav Defense: Modern Line,104
Slav Defense: Quiet Variation,18
"Slav Defense: Quiet Variation, Pin Defense",0
"Slav Defense: Quiet Variation, Schallopp Defense",0
"Slav Defense: Exchange Variation, Symmetrical Line",0
Slav Defense: Alekhine Variation,0
Slav Defense: Chameleon Variation,3
"Slav Defense: Chameleon Variation, Advance System",0
Slav Defense: Geller Gambit,0
Slav Defense: Schlechter Variation,0
Slav Defense: Three Knights Variation,113
Slav Defense: Two Knights Attack,27
Slav Defense: Alapin Variation,20
Slav Defense: Smyslov Variation,0
Slav Defense: Soultanbeieff Variation,0
Slav Defense: Steiner Variation,0
Slav Defense: Czech Variation,13
"Slav Defense: Czech Variation, Carlsbad Variation",0
"Slav Defense: Czech Variation, Krause Attack",2
"Slav Defense: Czech Variation, Wiesbaden Variation",1
"Slav Defense: Czech Variation, Wiesbaden Variation, Sharp Line",0
"Slav Defense: Czech Variation, Classical System",5
"Slav Defense: Czech Variation, Classical System, Main Line",0
"Slav Defense: Czech Variation, Dutch Variation",4
Queen's Gambit Accepted,110
"Queen's Gambit Accepted: Central Variation, Alekhine System",0
"Queen's Gambit Accepted: Central Variation, Greco Variation",0
"Queen's Gambit Accepted: Central Variation, McDonnell Defense",0
Queen's Gambit Accepted: Old Variation,4
Queen's Gambit Accepted: Saduleto Variation,18
Queen's Gambit Accepted: Gunsberg Defense,2
Queen's Gambit Accepted: Normal Variation,59
Queen's Gambit Accepted: Rosenthal Variation,2
Queen's Gambit Accepted: Alekhine Defense,2
"Queen's Gambit Accepted: Alekhine Defense, Haberditz Variation",0
Queen's Gambit Accepted: Mannheim Variation,0
Queen's Gambit Accepted: Bogoljubov Defense,0
"Queen's Gambit Accepted: Gunsberg Defense, Prianishenmo Gambit",0
Queen's Gambit Accepted: Showalter Variation,5
Queen's Gambit Accepted: Janowski-Larsen Variation,0
Queen's Gambit Accepted: Classical Defense,13
"Queen's Gambit Accepted: Classical Defense, Normal Line",14
"Queen's Gambit Accepted: Classical Defense, Steinitz Variation, Development Variation",0
"Queen's Gambit Accepted: Classical Defense, Steinitz Variation, Exchange Variation",0
"Queen's Gambit Accepted: Normal Variation, Traditional System",18
"Queen's Gambit Accepted: Classical Defense, Main Line",8
"Queen's Gambit Accepted: Classical Defense, Rubinstein Variation",0
Queen's Gambit Accepted: Furman Variation,0
"Queen's Gambit Accepted: Classical Defense, Alekhine System",1
"Queen's Gambit Accepted: Classical Defense, Alekhine System, No Main Line",1
"Queen's Gambit Accepted: Classical Defense, Alekhine System, Main Line",0
Queen's Gambit Declined,231
Queen's Gambit Declined: Capablanca Variation,0
"Queen's Gambit Declined: Tarrasch Defense, Pseudo-Tarrasch",10
"Queen's Gambit Declined: Tarrasch Defense, Pseudo-Tarrasch Bishop Attack",0
Queen's Gambit Declined: Traditional Variation,9
Queen's Gambit Declined: Vienna Variation,12
Semi-Slav Defense: Quiet Variation,0
Queen's Gambit Declined: Charousek Variation,0
Queen's Gambit Declined: Janowski Variation,0
Queen's Gambit Declined: Queen's Knight Variation,139
"Queen's Gambit Declined: Semi-Slav, Abrahams Variation",0
Semi-Slav Defense: Accelerated Move Order,21
Semi-Slav Defense: Marshall Gambit,7
"Semi-Slav Defense: Marshall Gambit, Main Line",0
Semi-Slav Defense: Noteboom Variation,7
"Semi-Slav Defense: Noteboom Variation, Anti-Noteboom Gambit",0
"Semi-Slav Defense: Noteboom Variation, Anti-Noteboom Variation",0
Queen's Gambit Declined: Tarrasch Defense,11
Tarrasch Defense,18
Tarrasch Defense: Grünfeld Gambit,0
Tarrasch Defense: Schara Gambit,0
Tarrasch Defense: Two Knights Variation,9
Tarrasch Defense: Prague Variation,7
Tarrasch Defense: Rubinstein System,9
Tarrasch Defense: Swedish Variation,0
Tarrasch Defense: Classical Variation,4
"Tarrasch Defense: Classical Variation, Advance Variation",0
"Tarrasch Defense: Classical Variation, Carlsbad Variation",3
"Tarrasch Defense: Classical Variation, Classical Tarrasch Gambit",0
"Tarrasch Defense: Classical Variation, Main Line",0
"Tarrasch Defense: Prague Variation, Main Line",6
Queen's Gambit Declined: Exchange Variation,32
"Queen's Gambit Declined: Exchange Variation, Positional Variation",3
Queen's Gambit Declined: Harrwitz Attack,15
Queen's Gambit Declined: Normal Defense,102
"Queen's Gambit Declined: Exchange Variation, Reshevsky Variation",0
Queen's Gambit Declined: Barmen Variation,2
"Queen's Gambit Declined: Harrwitz Attack, Fianchetto Defense",0
"Queen's Gambit Declined: Harrwitz Attack, Main Line",2
"Queen's Gambit Declined: Harrwitz Attack, Orthodox Defense",0
"Queen's Gambit Declined: Harrwitz Attack, Two Knights Defense",2
"Queen's Gambit Declined: Harrwitz Attack, Two Knights Defense, Blockade Line",0
Queen's Gambit Declined: Three Knights Variation,182
"Queen's Gambit Declined: Vienna Variation, Quiet Variation",0
Queen's Gambit Declined: Ragozin Defense,14
"Queen's Gambit Declined: Ragozin Defense, Alekhine Variation",0
Queen's Gambit Declined: Westphalian Variation,0
"Queen's Gambit Declined: Ragozin Defense, Vienna Variation",0
Queen's Gambit Declined: Semi-Tarrasch Defense,19
"Queen's Gambit Declined: Semi-Tarrasch Defense, Pillsbury Variation",1
"Queen's Gambit Declined: Semi-Tarrasch Defense, Exchange Variation",0
Semi-Slav Defense,65
Semi-Slav Defense: Anti-Moscow Gambit,0
Semi-Slav Defense Accepted,6
Semi-Slav Defense: Botvinnik Variation,3
"Semi-Slav Defense: Botvinnik Variation, Alatortsev System",0
"Semi-Slav Defense: Botvinnik Variation, Lilienthal Variation",0
Semi-Slav Defense: Accelerated Meran Variation,0
Semi-Slav Defense: Main Line,51
Semi-Slav Defense: Normal Variation,32
Semi-Slav Defense: Stoltz Variation,2
"Semi-Slav Defense: Stoltz Variation, Center Variation",0
"Semi-Slav Defense: Stoltz Variation, Shabalov Attack",0
Semi-Slav Defense: Bogoljubov Variation,0
Semi-Slav Defense: Chigorin Defense,0
Semi-Slav Defense: Meran Variation,3
"Semi-Slav Defense: Meran Variation, Wade Variation",0
Semi-Slav Defense: Semi-Meran Variation,7
"Semi-Slav Defense: Meran Variation, Reynolds' Variation",0
Queen's Gambit Declined: Modern Variation,19
"Queen's Gambit Declined: Pseudo-Tarrasch Variation, Primitive Pillsbury Variation",0
Queen's Gambit Declined: Manhattan Variation,1
"Queen's Gambit Declined: Modern Variation, Knight Defense",2
Queen's Gambit Declined: Cambridge Springs Defense,9
"Queen's Gambit Declined: Cambridge Springs Defense, Capablanca Variation",0
"Queen's Gambit Declined: Cambridge Springs Defense, Rubinstein Variation",0
"Queen's Gambit Declined: Cambridge Springs Defense, Yugoslav Variation",0
Queen's Gambit Declined: Lasker Defense,0
Queen's Gambit Declined: Neo-Orthodox Variation,6
Queen's Gambit Declined: Anti-Tartakower Variation,0
"Queen's Gambit Declined: Modern Variation, Normal Line",11
"Queen's Gambit Declined: Neo-Orthodox Variation, Main Line",8
Queen's Gambit Declined: Tartakower Defense,2
"Queen's Gambit Declined: Tartakower Defense, Makogonov Exchange Variation",0
Queen's Gambit Declined: Orthodox Defense,3
"Queen's Gambit Declined: Orthodox Defense, Rubinstein Variation",0
"Queen's Gambit Declined: Orthodox Defense, Main Line",1
"Queen's Gambit Declined: Orthodox Defense, Bd3 Line",1
"Queen's Gambit Declined: Orthodox Defense, Fianchetto Variation",0
"Queen's Gambit Declined: Orthodox Defense, Classical Variation",0
Neo-Grünfeld Defense,0
Neo-Grünfeld Defense: Goglidze Attack,0
Neo-Grünfeld Defense: Delayed Exchange Variation,0
Neo-Grünfeld Defense: Classical Variation,24
"Neo-Grünfeld Defense: Classical Variation, Modern Defense",0
"Neo-Grünfeld Defense: Classical Variation, Polgar Variation",0
"Neo-Grünfeld Defense: Classical Variation, Original Defense",8
Neo-Grünfeld Defense: Ultra-delayed Exchange Variation,0
Grünfeld Defense,85
Grünfeld Defense: Stockholm Variation,0
Grünfeld Defense: Brinckmann Attack,7
"Grünfeld Defense: Brinckmann Attack, Grünfeld Gambit",6
"Grünfeld Defense: Brinckmann Attack, Grünfeld Gambit, Capablanca Variation",0
"Grünfeld Defense: Brinckmann Attack, Grünfeld Gambit Accepted",0
Grünfeld Defense: Exchange Variation,31
"Grünfeld Defense: Exchange Variation, Modern Exchange Variation",1
"Grünfeld Defense: Exchange Variation, Modern Exchange Variation, Pawn Grab Line",0
"Grünfeld Defense: Exchange Variation, Nadanian Attack",0
"Grünfeld Defense: Exchange Variation, Classical Variation",5
"Grünfeld Defense: Exchange Variation, Spassky Variation",0
Grünfeld Defense: Three Knights Variation,48
"Grünfeld Defense: Three Knights Variation, Petrosian System",0
"Grünfeld Defense: Three Knights Variation, Hungarian Attack",6
"Grünfeld Defense: Three Knights Variation, Hungarian Variation",0
Grünfeld Defense: Makogonov Variation,0
"Grünfeld Defense: Three Knights Variation, Burille Variation",5
Grünfeld Defense: Botvinnik Variation,0
"Grünfeld Defense: Three Knights Variation, Vienna Variation",0
Grünfeld Defense: Russian Variation,4
"Grünfeld Defense: Russian Variation, Byrne Variation",0
"Grünfeld Defense: Russian Variation, Hungarian Variation",0
"Grünfeld Defense: Russian Variation, Prins Variation",0
"Grünfeld Defense: Russian Variation, Smyslov Variation",0
Catalan Opening,54
Indian Defense: Devin Gambit,0
Catalan Opening: Closed,6
"Catalan Opening: Open Defense, Tarrasch Defense",1
Catalan Opening: Open Defense,3
"Catalan Opening: Open Defense, Modern Sharp Variation",0
"Catalan Opening: Open Defense, Classical Line",0
"Catalan Opening: Closed, Botvinnik Variation",0
"Catalan Opening: Closed Variation, Traditional Variation",0
"Catalan Opening: Closed, Main Line",3
Blumenfeld Countergambit,20
Blumenfeld Countergambit: Dus-Khotimirsky Variation,0
Indian Defense: Anti-Nimzo-Indian,234
Indian Defense: Dzindzi-Indian Defense,0
Tarrasch Defense: Symmetrical Variation,0
Bogo-Indian Defense,55
Bogo-Indian Defense: Exchange Variation,0
Bogo-Indian Defense: Grünfeld Variation,0
Bogo-Indian Defense: Nimzowitsch Variation,0
Bogo-Indian Defense: Vitolins Variation,0
Bogo-Indian Defense: Wade-Smyslov Variation,2
"Nimzo-Indian Defense: Three Knights Variation, Duchamp Variation",1
Queen's Indian Defense: Kasparov Variation,6
Queen's Indian Defense: Kasparov-Petrosian Variation,10
"Queen's Indian Defense: Kasparov-Petrosian Variation, Kasparov Attack",0
"Queen's Indian Defense: Kasparov-Petrosian Variation, Main Line",5
"Queen's Indian Defense: Kasparov-Petrosian Variation, Marco Defense",0
"Queen's Indian Defense: Kasparov-Petrosian Variation, Modern Variation",4
"Queen's Indian Defense: Kasparov-Petrosian Variation, Petrosian Attack",0
"Queen's Indian Defense: Kasparov-Petrosian Variation, Polovodin Gambit",0
Queen's Indian Defense: Petrosian Variation,6
Queen's Indian Defense: Averbakh Variation,0
Queen's Indian Defense: Spassky System,0
Queen's Indian Defense: Fianchetto Traditional,18
Queen's Indian Defense: Fianchetto Variation,34
"Queen's Indian Defense: Fianchetto Variation, Check Variation",5
"Queen's Indian Defense: Fianchetto Variation, Check Variation, Intermezzo Line",0
"Queen's Indian Defense: Fianchetto Variation, Nimzowitsch Variation",11
"Queen's Indian Defense: Fianchetto Variation, Nimzowitsch Variation, Nimzowitsch Attack",0
"Queen's Indian Defense: Fianchetto Variation, Nimzowitsch Variation, Quiet Line",5
Queen's Indian Defense: Capablanca Variation,0
Queen's Indian Defense: Yates Variation,0
Queen's Indian Defense: Anti-Queen's Indian System,0
Queen's Indian Defense: Classical Variation,16
"Queen's Indian Defense: Classical Variation, Polugaevsky Gambit",0
"Queen's Indian Defense: Fianchetto Variation, Kramnik Variation",0
Queen's Indian Defense: Traditional Variation,14
"Queen's Indian Defense: Classical Variation, Traditional Variation",5
"Queen's Indian Defense: Classical Variation, Traditional Variation, Nimzowitsch Line",0
"Queen's Indian Defense: Classical Variation, Traditional Variation, Main Line",0
Nimzo-Indian Defense,141
Nimzo-Indian Defense: Kmoch Variation,1
Nimzo-Indian Defense: Romanishin Variation,0
Nimzo-Indian Defense: Three Knights Variation,9
Nimzo-Indian Defense: Spielmann Variation,0
"Nimzo-Indian Defense: Sämisch Variation, Accelerated",12
Nimzo-Indian Defense: Sämisch Variation,5
"Nimzo-Indian Defense: Sämisch Variation, Keres Variation",0
"Nimzo-Indian Defense: Sämisch Variation, Capablanca Variation",0
Nimzo-Indian Defense: Leningrad Variation,0
Nimzo-Indian Defense: Classical Variation,12
"Nimzo-Indian Defense: Classical Variation, Keres Defense",0
"Nimzo-Indian Defense: Classical Variation, Milner-Barry Variation",0
"Nimzo-Indian Defense: Classical Variation, Zurich Variation",1
"Nimzo-Indian Defense: Classical Variation, Noa Variation",0
"Nimzo-Indian Defense: Classical Variation, Berlin Variation",2
"Nimzo-Indian Defense: Classical Variation, Berlin Variation, Macieja System",0
"Nimzo-Indian Defense: Classical Variation, Berlin Variation, Pirc Variation",1
Nimzo-Indian Defense: Normal Line,35
Nimzo-Indian Defense: Hübner Variation,3
"Nimzo-Indian Defense: Hübner Variation, Rubinstein Variation",2
"Nimzo-Indian Defense: Hübner Variation, Rubinstein Variation, Main Line",0
Nimzo-Indian Defense: St. Petersburg Variation,1
Nimzo-Indian Defense: Fischer Variation,0
Nimzo-Indian Defense: Normal Variation,27
Nimzo-Indian Defense: Reshevsky Variation,3
Nimzo-Indian Defense: Simagin Variation,0
"Nimzo-Indian Defense: Normal Variation, Bishop Attack",5
"Nimzo-Indian Defense: Normal Variation, Bishop Attack, Classical Defense",2
"Nimzo-Indian Defense: Normal Variation, Botvinnik System",0
"Nimzo-Indian Defense: Normal Variation, Ragozin Variation",3
"Nimzo-Indian Defense: Normal Variation, Gligoric System",2
"Nimzo-Indian Defense: Normal Variation, Gligoric System, Exchange at c4",0
"Nimzo-Indian Defense: Normal Variation, Gligoric System, Bernstein Defense",0
Grünfeld Defense: Counterthrust Variation,0
"Indian Defense: Anti-Grünfeld, Alekhine Variation",13
"Indian Defense: King's Indian Variation, Fianchetto Variation",10
Indian Defense: West Indian Defense,338
"King's Indian Defense: Fianchetto Variation, Immediate Fianchetto",22
"King's Indian Defense: Fianchetto Variation, Yugoslav System",3
"King's Indian Defense: Normal Variation, King's Knight Variation",98
Neo-Grünfeld Defense: Non- or Delayed Fianchetto,5
King's Indian Defense,254
"King's Indian Defense: Fianchetto Variation, Benjamin Defense",0
King's Indian Defense: Semi-Classical Variation,0
"King's Indian Defense: Semi-Classical Variation, Queenside Storm Line",0
King's Indian Defense: Smyslov Variation,0
"King's Indian Defense: Fianchetto Variation, Delayed Fianchetto",9
"King's Indian Defense: Fianchetto Variation, Karlsbad Variation",12
"King's Indian Defense: Fianchetto Variation, Kavalek Defense",0
"King's Indian Defense: Fianchetto Variation, Larsen Defense",0
"King's Indian Defense: Fianchetto Variation, Lesser Simagin (Spassky)",0
"King's Indian Defense: Fianchetto Variation, Simagin Variation",0
"King's Indian Defense: Fianchetto Variation, Uhlmann-Szabo System",0
"King's Indian Defense: Fianchetto Variation, Panno Variation",0
"King's Indian Defense: Fianchetto Variation, Yugoslav Variation, Rare Line",2
"King's Indian Defense: Fianchetto Variation, Yugoslav Variation",4
"King's Indian Defense: Fianchetto Variation, Yugoslav Variation, Exchange Line",0
"King's Indian Defense: Fianchetto Variation, Yugoslav Variation, Advance Line",0
"King's Indian Defense: Fianchetto Variation, Classical Fianchetto",4
"King's Indian Defense: Fianchetto Variation, Debrecen Defense",7
"King's Indian Defense: Fianchetto Variation, Hungarian Variation",0
"King's Indian Defense: Fianchetto Variation, Classical Variation",1
"King's Indian Defense: Fianchetto Variation, Classical Main Line",0
King's Indian Defense: Accelerated Averbakh Variation,0
King's Indian Defense: Kramer Variation,0
King's Indian Defense: Normal Variation,168
King's Indian Defense: Makogonov Variation,0
"King's Indian Defense: Normal Variation, Deferred Fianchetto",0
King's Indian Defense: Averbakh Variation,7
"King's Indian Defense: Averbakh Variation, Flexible Defense",0
"King's Indian Defense: Averbakh Variation, Modern Defense",0
"King's Indian Defense: Normal Variation, Standard Development",26
King's Indian Defense: Semi-Averbakh System,0
"King's Indian Defense: Averbakh Variation, Benoni Defense",2
"King's Indian Defense: Averbakh Variation, Benoni Defense, Advance Variation",0
King's Indian Defense: Four Pawns Attack,11
"King's Indian Defense: Four Pawns Attack, Dynamic Attack",10
"King's Indian Defense: Four Pawns Attack, Florentine Gambit",0
"King's Indian Defense: Four Pawns Attack, Normal Attack",4
"King's Indian Defense: Four Pawns Attack, Fluid Attack",1
"King's Indian Defense: Four Pawns Attack, Exchange Variation",0
King's Indian Defense: Sämisch Variation,45
King's Indian Defense: Steiner Attack,0
"King's Indian Defense: Sämisch Variation, Bobotsov-Korchnoi-Petrosian Variation",0
"King's Indian Defense: Sämisch Variation, Normal Defense",41
"King's Indian Defense: Sämisch Variation, Sämisch Gambit",0
"King's Indian Defense: Sämisch Variation, Double Fianchetto",0
"King's Indian Defense: Sämisch Variation, Panno Formation",2
"King's Indian Defense: Sämisch Variation, Yates Defense",2
"King's Indian Defense: Sämisch Variation, Panno Main Line",0
"King's Indian Defense: Sämisch Variation, Orthodox Variation",6
"King's Indian Defense: Sämisch Variation, Closed Variation",0
"King's Indian Defense: Sämisch Variation, Closed Variation, Main Line",0
King's Indian Defense: Larsen Variation,0
"King's Indian Defense: Normal Variation, Rare Defenses",65
King's Indian Defense: Zinnowitz Variation,0
King's Indian Defense: Kazakh Variation,6
King's Indian Defense: Orthodox Variation,73
King's Indian Defense: Exchange Variation,0
"King's Indian Defense: Orthodox Variation, Gligoric-Taimanov System",0
King's Indian Defense: Petrosian Variation,2
"King's Indian Defense: Petrosian Variation, Stein Defense",0
"King's Indian Defense: Petrosian Variation, Normal Defense",0
"King's Indian Defense: Orthodox Variation, Donner Defense",0
"King's Indian Defense: Orthodox Variation, Glek Defense",0
"King's Indian Defense: Orthodox Variation, Positional Defense",2
"King's Indian Defense: Orthodox Variation, Positional Defense, Closed Line",0
"King's Indian Defense: Orthodox Variation, Aronin-Taimanov Defense",33
"King's Indian Defense: Orthodox Variation, Bayonet Attack",0
"King's Indian Defense: Orthodox Variation, Modern System",0
"King's Indian Defense: Orthodox Variation, Classical System",11
"King's Indian Defense: Orthodox Variation, Classical System, Neo-Classical Line",0
